removed_yr,BrandName,ProductName,chemical_count
2000,RITUALS,Elixir Collection Scalp Therapy Elixir,1
2006,Central,Whirlpool Shampoo & Body Wash,2
2009,Aloe Up Lil' Kids SPF 45 Aloe Based Sunscreen Lotion,Aloe Up Lil' Kids SPF 45 Aloe Based Sunscreen Lotion,1
2009,Aloette,Creme-to-Powder,1
2009,Aloette,Pro-Lipid Refine,1
2009,Aloette,Restorative Enzyme Peel,1
2009,Aloette,Ultra Finish SPF 15 Foundation,3
2009,Axe,Axe Constrict De-Poof Shampoo,1
2009,Axe,Axe Constrict Shampoo Clean and Control,1
2009,B/S 2 1/2 OX QUICK DRY GRADE 17N0190024,B/S 2 1/2 OZ QUICK DRY,1
2009,BIOLOGIQUE RECHERCHE,CREME HYDRAVIT'S,1
2009,BIOLOGIQUE RECHERCHE,CREME SPLENDIDE,1
2009,Bed Head,Big Fat Fun Lipliner - Espresso,1
2009,Benefit Cosmetics,BadGal Lash,1
2009,BioSilk,BubbleGum Bubbles No Tears Shampoo,1
2009,Bioelements,Mid Cover Makeup,1
2009,Bliss,Best of Skintentions,6
2009,Bonne Bell,Glimmer Bronze,1
2009,Burt�s Bees,Burt�s Bees Radiance Day Lotion SPF 7,1
2009,CARITA,PROGRESSIF - PERLE DE JEUNESSE COU ET DECOLLETE / PEARL OF YOUTH FOR NECK AND DECOLLETAGE,1
2009,CARITA,PROGRESSIF - PERLE DE JEUNESSE NUTRITIVE / PEARL OF YOUTH - NUTRITIVE,2
2009,CARITA,PROGRESSIF - SERUM PERLE DE JEUNESSE / PEARL OF YOUTH SERUM,1
2009,CHI,CHI Infra Environmental High Lift Cream Color - NBR Natural Brown,1
2009,CLARINS PARIS,CLARINS MEN - UV PROTECTION SPF 40 HAUTE PROTECTION / HIGHT PROTECTION,1
2009,CLARINS PARIS,CRAYON YEUX / EYE PENCIL,1
2009,Caress,Caress Berry Indulging Body Wash,1
2009,Caress,Caress Exotic Infusions Japanese Delicate Cream Oil Body Wash,1
2009,Caress,Caress Exotic Oil Brazilian Body Wash,1
2009,Caress,Caress Exotic Oil Rich Moroccan Body Wash,1
2009,Caress,Caress Glowing Touch Silkening Body Wash,1
2009,Caress,Caress Whipped Souffle Blackberry Cream,1
2009,Caress,Caress Whipped Souffle White Peach Cream Body Wash,1
2009,ChristineChin,Crystal Clarity Microdermabrasion Creme,1
2009,Clairol Professional,Clairol Professional Complements Color Intensifier Blue,1
2009,Claudia Stevens,LFM Anti-feather color lock,1
2009,Clinique,ALMOST MAKEUP,1
2009,Colgate,Tartar Protection Whitening - Crisp Mint Paste,1
2009,Couleurs Nature,Pastel cream eyeshadow,1
2009,Couleurs Nature,Perfect eye liner,1
2009,Couleurs Nature,Powder stick foundation,1
2009,Crabtree & Evelyn,Gardeners Hand Scrub,1
2009,Crest,Crest Vivid White Fluoride Toothpaste  - Invigorating Mint,1
2009,Curve,Curve Chill Eau de Toilette Spray For Women,1
2009,Curve,Curve Chill Parfum,1
2009,Dis-Chem,Advanced Healing Therapeutic Skin Care Lotion,1
2009,Dove,Dove Beauty Body Wash Go Fresh Cool Moisture,1
2009,Dove,Dove Beauty Body Wash Go Fresh Refresh,1
2009,Dove,Dove Beauty Body Wash Pro-age,1
2009,Dove,Dove Cream Oil Body Wash,1
2009,Dove,Dove Cream Oil Body Wash Elegant Luxury,1
2009,Dove,Dove Cream Oil Body Wash Floral Indulgence,1
2009,Dove,Dove Cream Oil Hand Cream,1
2009,Dove,Dove Cream Oil Intensive Body Lotion,1
2009,Dove,Dove Cream Oil Shea Butter Body Lotion,1
2009,Dove,Dove Deep Moisture Beauty Body Wash,1
2009,Dove,Dove Nourishing Moisture Beauty Body Lotion,1
2009,Dove,Dove Pro Age Cream Oil Lotion SPF 5,1
2009,Dove,Dove Shine Therapy Shampoo,1
2009,Dove,Dove Supreme Cream Oil Body Wash Sleek Satin,1
2009,Dove,Dove Ultra Rich Velvet Body Wash,1
2009,EDGE,EDGE� INFUSED� - LOTIONIZED SHAVE GEL - REVITALIZING,1
2009,Earth Science,Almond Aloe Moisturizer SPF 15,1
2009,Earth Science,"Almond Aloe Moisturizer, Scented",1
2009,Earth Science,"Almond Aloe Moisturizer, Unscented",1
2009,Earth Science,Apricot Facial Scrub,1
2009,Elizabeth Arden,Elizabeth Arden 5th avenue Moisturizing Body Lotion,1
2009,Elizabeth Arden,Elizabeth Arden Fifth Avenue Hydrating Cream Cleanser for the Body,1
2009,Elizabeth Arden,Elizabeth Arden Flawless Finish Radiant Moisture Makeup SPF 8,2
2009,Elizabeth Arden,Elizabeth Arden Green Tea Relaxing Bubble Bath,2
2009,Elizabeth Taylor,Elizabeth Taylor Forever Elizabeth Body Powder,1
2009,Elizabeth Taylor,Elizabeth Taylor Passion Gentle Moisturizing Body Wash,1
2009,Elizabeth Taylor,Elizabeth Taylor Passion Perfumed Body Dusting Powder,1
2009,Elizabeth Taylor,Elizabeth Taylor Passion Perfumed Body Lotion,1
2009,Fashion Fair,Fashion Fair Lipstick - Sangria Red - 8012,1
2009,Fingerpaints,Fingerpaints Top Coat,1
2009,GIVENCHY,"PRISME AGAIN ! BLUSH - POWDER BLUSH, QUARTET",1
2009,GUERLAIN,"SUCCESS FUTURE - RICH DAY CARE - WRINKLE MINIMIZER, FIRMING � SPF 15",2
2009,Great Clips,"Great Clips Volumizing Shampoo, 12 oz",1
2009,Harmon Face Values,HARMON THERAPEUTIC SHAMPOO 8.5 oz,1
2009,IBD,Belicious Dreamsicle Lotion,1
2009,ION,Ion Dandruff Solutions Clear-T Dual Action Anti-Dandruff Shampoo,2
2009,Ion,Ion Styling Solutions Illuminating Creme,1
2009,Jafra,powder blush,1
2009,John Paul Mitchell Systems,PM Shines D3BV,1
2009,John Paul Mitchell Systems,PM Shines D6BV,1
2009,John Paul Mitchell Systems,PM Shines D6Y,1
2009,John Paul Mitchell Systems,Tea Tree Special Shampoo,1
2009,KORRES NATURAL PRODUCTS,ABSINTHE MEN'S SHAVE CREAM,1
2009,KORRES NATURAL PRODUCTS,CHERRY GLOSS 23 LIGHT PURPLE,1
2009,KORRES NATURAL PRODUCTS,CHERRY GLOSS 27 PLUM,1
2009,KORRES NATURAL PRODUCTS,CHERRY GLOSS 32 BEIGE PINK,1
2009,KORRES NATURAL PRODUCTS,CHERRY GLOSS 33 NUDE,1
2009,KORRES NATURAL PRODUCTS,CHERRY GLOSS 37 GOLDEN BROWN,1
2009,KORRES NATURAL PRODUCTS,CHERRY GLOSS 44 ORANGE,1
2009,KORRES NATURAL PRODUCTS,CHERRY GLOSS 45 CORAL,1
2009,KORRES NATURAL PRODUCTS,CHERRY GLOSS 52 RED,1
2009,KORRES NATURAL PRODUCTS,CHERRY GLOSS 54 FUCHSIA,1
2009,KORRES NATURAL PRODUCTS,CHERRY GLOSS NAKED BEIGE 30,1
2009,KORRES NATURAL PRODUCTS,CHERRY GLOSS NAKED BROWN 38,1
2009,KORRES NATURAL PRODUCTS,CHERRY GLOSS NAKED ROSE 22,1
2009,KORRES NATURAL PRODUCTS,CHERRY LIP GLOSS 11 LIGHT PINK,1
2009,KORRES NATURAL PRODUCTS,CHERRY LIP GLOSS 25 NATURAL PURPLE,1
2009,KORRES NATURAL PRODUCTS,CORALLINA EYESHADOW SHIMMERING 44S GOLDEN GREEN,1
2009,KORRES NATURAL PRODUCTS,EYEBROW PENCIL_ MEDIUM SHADE,1
2009,KORRES NATURAL PRODUCTS,EYEBROW PENCIL_DARK SHADE,1
2009,KORRES NATURAL PRODUCTS,EYEBROW PENCIL_LIGHT SHADE,1
2009,KORRES NATURAL PRODUCTS,EYELINER PENCIL_BLUE,1
2009,KORRES NATURAL PRODUCTS,EYELINER PENCIL_BLUE BLACK,1
2009,KORRES NATURAL PRODUCTS,EYELINER PENCIL_BLUE PETROL,1
2009,KORRES NATURAL PRODUCTS,EYELINER PENCIL_BROWN,1
2009,KORRES NATURAL PRODUCTS,EYELINER PENCIL_GOLDEN,1
2009,KORRES NATURAL PRODUCTS,EYELINER PENCIL_GREEN,1
2009,KORRES NATURAL PRODUCTS,EYELINER PENCIL_GREEN WHITE,1
2009,KORRES NATURAL PRODUCTS,EYELINER PENCIL_LIGHT GREY,1
2009,KORRES NATURAL PRODUCTS,EYELINER PENCIL_METALLIC GREY,1
2009,KORRES NATURAL PRODUCTS,EYELINER PENCIL_OLIVE GREEN,1
2009,KORRES NATURAL PRODUCTS,EYELINER PENCIL_PURPLE WHITE,1
2009,KORRES NATURAL PRODUCTS,EYELINER PENCIL_SKY BLUE,1
2009,KORRES NATURAL PRODUCTS,KORRES ABYSSINIA MASCARA_ 04 PLUM,2
2009,KORRES NATURAL PRODUCTS,KORRES ABYSSINIA OIL MASCARA _ 02 BROWN,2
2009,KORRES NATURAL PRODUCTS,KORRES ABYSSINIA OIL MASCARA_ 01 BLACK,2
2009,KORRES NATURAL PRODUCTS,KORRES ABYSSINIA OIL MASCARA_ 03 BLUE,2
2009,KORRES NATURAL PRODUCTS,LIP BUTTER GUAVA,2
2009,KORRES NATURAL PRODUCTS,LIPLINER PENCIL NEUTRAL LIGHT,1
2009,KORRES NATURAL PRODUCTS,LIPLINER PENCIL_BROWN ORANGE,1
2009,KORRES NATURAL PRODUCTS,LIPLINER PENCIL_NEUTRAL DARK,1
2009,KORRES NATURAL PRODUCTS,LIPLINER PENCIL_PURPLE RED,1
2009,KORRES NATURAL PRODUCTS,LIPLINER PENCIL_RED,1
2009,KORRES NATURAL PRODUCTS,MANGO BUTTER LIPSTICK SPF 10  NATURAL PURPLE 25,1
2009,KORRES NATURAL PRODUCTS,MANGO BUTTER LIPSTICK SPF 10 CORAL 45,1
2009,KORRES NATURAL PRODUCTS,MANGO BUTTER LIPSTICK SPF 10 FROST PINK 12,1
2009,KORRES NATURAL PRODUCTS,MANGO BUTTER LIPSTICK SPF 10 FUCHSIA 54,1
2009,KORRES NATURAL PRODUCTS,MANGO BUTTER LIPSTICK SPF 10 NAKED BROWN 38,1
2009,KORRES NATURAL PRODUCTS,MANGO BUTTER LIPSTICK SPF 10 NAKED ROSE 22,1
2009,KORRES NATURAL PRODUCTS,MANGO BUTTER LIPSTICK SPF 10 NATURAL BROWN 36,1
2009,KORRES NATURAL PRODUCTS,MANGO BUTTER LIPSTICK SPF 10 NATURAL PINK 13,1
2009,KORRES NATURAL PRODUCTS,MANGO BUTTER LIPSTICK SPF 10 NUDE 33,1
2009,KORRES NATURAL PRODUCTS,MANGO BUTTER LIPSTICK SPF 10 ORANGE BROWN 47,1
2009,KORRES NATURAL PRODUCTS,MANGO BUTTER LIPSTICK SPF 10 ORANGE RED 52,1
2009,KORRES NATURAL PRODUCTS,MANGO BUTTER LIPSTICK SPF 10 PEACH 18,1
2009,KORRES NATURAL PRODUCTS,MANGO BUTTER LIPSTICK SPF 10 PINK 14,1
2009,KORRES NATURAL PRODUCTS,MANGO BUTTER LIPSTICK SPF 10 PURPLE 24,1
2009,KORRES NATURAL PRODUCTS,MULTIVITAMIN COMPACT POWDER MVP 1,1
2009,KORRES NATURAL PRODUCTS,MULTIVITAMIN COMPACT POWDER MVP 2,1
2009,KORRES NATURAL PRODUCTS,MULTIVITAMIN COMPACT POWDER MVP 3,1
2009,KORRES NATURAL PRODUCTS,MULTIVITAMIN COMPACT POWDER MVP 4,1
2009,KORRES NATURAL PRODUCTS,MULTIVITAMIN COMPACT POWDER MVP 5,1
2009,KORRES NATURAL PRODUCTS,PROVITAMIN B5 & RICE BRAN MASCARA 03 GREY GREEN,1
2009,KORRES NATURAL PRODUCTS,PROVITAMIN B5 & RICE BRAN MASCARA 04 BLUE BLACK,1
2009,KORRES NATURAL PRODUCTS,SOFT EYELINER PENCIL LIGHT BLUE 3S,1
2009,KORRES NATURAL PRODUCTS,SOFT EYELINER PENCIL SILVER 5S,1
2009,KORRES NATURAL PRODUCTS,SOFT EYELINER PENCIL_ WHITE 2S,1
2009,KORRES NATURAL PRODUCTS,SUNFLOWER & EVENING PRIMROSE EYESHADOW SHIMMERING 10S WHITE,1
2009,KORRES NATURAL PRODUCTS,SUNFLOWER & EVENING PRIMROSE EYESHADOW SHIMMERING 27S  GOLDEN BRONZE,1
2009,KORRES NATURAL PRODUCTS,SUNFLOWER & EVENING PRIMROSE EYESHADOW SHIMMERING 51S SILVER,1
2009,KORRES NATURAL PRODUCTS,SUNFLOWER & EVENING PRIMROSE EYESHADOW SHIMMERING 75S PURPLE,1
2009,KORRES NATURAL PRODUCTS,SUNFLOWER & EVENING PRIMROSE EYESHADOW SHIMMERING PLUM,1
2009,KORRES NATURAL PRODUCTS,SUNFLOWER & EVENING PRIMROSE EYESHADOW SHIMMERING SKY BLUE,1
2009,KORRES NATURAL PRODUCTS,SUNFLOWER EYESHADOW SHIMMERING 12S BASE,1
2009,KORRES NATURAL PRODUCTS,SUNFLOWER EYESHADOW SHIMMERING 18S GREY BROWN BASE,1
2009,KORRES NATURAL PRODUCTS,SUNFLOWER EYESHADOW SHIMMERING 22S ORANGE,1
2009,KORRES NATURAL PRODUCTS,SUNFLOWER EYESHADOW SHIMMERING 24S GOLD,1
2009,KORRES NATURAL PRODUCTS,SUNFLOWER EYESHADOW SHIMMERING 42S GREEN WHITE,1
2009,KORRES NATURAL PRODUCTS,SUNFLOWER EYESHADOW SHIMMERING 46S OLIVE GREEN,1
2009,KORRES NATURAL PRODUCTS,SUNFLOWER EYESHADOW SHIMMERING 54S DARK GREY,1
2009,KORRES NATURAL PRODUCTS,SUNFLOWER EYESHADOW SHIMMERING 64S PINK,1
2009,KORRES NATURAL PRODUCTS,SUNFLOWER EYESHADOW SHIMMERING 74S LIGHT PURPLE,1
2009,KORRES NATURAL PRODUCTS,SUNFLOWER EYESHADOW SHIMMERING 82S  LIGHT BLUE,1
2009,KORRES NATURAL PRODUCTS,THYME HONEY 24-HOUR MOISTURIZING CREAM,1
2009,KORRES NATURAL PRODUCTS,WILD ROSE 24-HOUR MOISTURISER,1
2009,KORRES NATURAL PRODUCTS,WILD ROSE COMPACT POWDER WRP1,1
2009,KORRES NATURAL PRODUCTS,WILD ROSE COMPACT POWDER WRP2,1
2009,KORRES NATURAL PRODUCTS,WILD ROSE COMPACT POWDER WRP3,1
2009,KORRES NATURAL PRODUCTS,WILD ROSE COMPACT POWDER WRP4,1
2009,KORRES NATURAL PRODUCTS,WILD ROSE COMPACT POWDER WRP5,1
2009,KORRES NATURAL PRODUCTS,WILD ROSE CONCEALER WRC1,1
2009,KORRES NATURAL PRODUCTS,WILD ROSE CONCEALER WRC2,1
2009,KORRES NATURAL PRODUCTS,WILD ROSE CONCEALER WRC4,1
2009,KORRES NATURAL PRODUCTS,WILD ROSE FOUNDATION SPF 20 WRF1,2
2009,KORRES NATURAL PRODUCTS,ZEA MAYS BLUSH 15 NATURAL,1
2009,KORRES NATURAL PRODUCTS,ZEA MAYS BLUSH 16 PINK,1
2009,KORRES NATURAL PRODUCTS,ZEA MAYS BLUSH 18 PEACH,1
2009,KORRES NATURAL PRODUCTS,ZEA MAYS BLUSH 22 PURPLE,1
2009,KORRES NATURAL PRODUCTS,ZEA MAYS BLUSH 32 PURPLE BROWN,1
2009,KORRES NATURAL PRODUCTS,ZEA MAYS BLUSH 44 ORANGE,1
2009,KORRES NATURAL PRODUCTS,ZEA MAYS BLUSH 45 CORAL,1
2009,KORRES NATURAL PRODUCTS,ZEA MAYS BLUSH 47 ORANGE BROWN,1
2009,Kandesn,Cleansing Cream,2
2009,Kandesn,Cleansing Foam,2
2009,Kandesn,Dandruff Shampoo,2
2009,Kandesn,Deep Moisture Lotion,2
2009,Kandesn,Eyeshadow,1
2009,Kandesn,Gentle Cleanser,1
2009,Kandesn,LIp Gloss,2
2009,Kandesn,Moisturizing Lip Colors,2
2009,Kandesn,Revitalizing Masque,2
2009,Kandesn,Shampoo,1
2009,Laboratoire Remede,Translucent UV Coat,2
2009,Liz Claiborne,Claiborne For Men Cologne Spray,1
2009,Liz Claiborne,Liz Claiborne Eau De Parfum,1
2009,Luminelle,Rouge dragee lipstick,1
2009,Luminelle,Rouge glossy lipstick,1
2009,MAKE UP FOR EVER,ANTICERNES TENSEUR / LIFT CONCEALER (ALL SHADES),1
2009,MAKE UP FOR EVER,AQUA CREAMLINER EYELINER CREME WATERPROOF/WATERPROOF CREAM EYELINER (ALL SHADES),1
2009,MAKE UP FOR EVER,"AQUA EYES Crayon contour des yeux waterproof /Waterproof eyeliner pencil	 (ALL SHADES)	",1
2009,MAKE UP FOR EVER,AQUA LIP CRAYON CONTOUR DES LEVRES WATERPROOF/WATERPROOF LIPLINER PENCIL (ALL SHADES),1
2009,MAKE UP FOR EVER,AQUARELLE FLUIDE COLORE VISAGE ET CORPS/FACE & BODY LIQUID COLOR (ALL SHADES),1
2009,MAKE UP FOR EVER,BASE DE PRE-MAQUILLAGE CORRECTRICE /CORRECTIVE MAKE-UP BASE,2
2009,MD Formulations,Clearing Intensifier,1
2009,MD Formulations,Extra Clear Booster,1
2009,MD Formulations,Hand & Body Creme,1
2009,MD Formulations,Vit-A-Plus Anti-Aging Eye Complex,2
2009,MD Formulations,Vit-A-Plus Clearing Complexion Masque,1
2009,MD Formulations,Vit-A-Plus Firming Treatment Masque,1
2009,MD Formulations,Vit-A-Plus Illuminating Masque,1
2009,Mannatech,Optimal Face Cleansing Cream,2
2009,Mannatech Advanced Skin Care,"Emprizone soothing, hydrating gel",1
2009,Mary Kay,Intense Moisturizing Cream,1
2009,Molton Brown,Bracing Silverbirch Thermal Muscle Soak,1
2009,NOEVIR,N5 SPARKLE FACE COLOR CT AR-BE,1
2009,NSI,Balance Body Builder Cover Pink Warm,2
2009,NSI,Balance Builder Blush Gel,2
2009,NSI,Balance Builder Radiant Pink Gel,1
2009,NSI,Balance One Step Blush Gel,1
2009,NUXE,TOUCHE PRODIGIEUSE N�01 FAIR SKIN-MULTI-PERFECTING RETOUCH BRUSH,1
2009,NYX,AUTO PENCIL LIP,1
2009,NYX,BLACK LABEL LIPSTICK,1
2009,NYX,POWDER BLUSH,1
2009,NYX,ROUND LIP GLOSS,1
2009,NYX,SHEER TUBE LIP GLOSS,1
2009,NYX,TRIO EYESHADOW,1
2009,Nature's Gate,Nature's Gate Sunblock SPF 30 Tropical Scent Sunscreen Lotion,1
2009,Neutrogena,Acne Stress Control Power Cream Body Wash,1
2009,Neutrogena,Ageless Restoratives Antioxidant Detoxfying Cleanser,1
2009,Neutrogena,Ageless Restoratives Antioxidant Eye,1
2009,Neutrogena,Ageless Restoratives Antioxidant Lotion SPF 20,1
2009,Neutrogena,Ageless Restoratives Antioxidant Night,1
2009,Neutrogena,Ageless Restoratives Energy Renewal Eye Cream,1
2009,Neutrogena,Ageless Restoratives Skin Renewal Exfoliating Cleanser,1
2009,Neutrogena,Blackhead Eliminating Daily Scrub,1
2009,Neutrogena,Clear Pore Cleanser Mask,1
2009,Neutrogena,Deep Clean Gentle Scrub,1
2009,Neutrogena,Fresh Foaming Scrub,1
2009,Neutrogena,Healthy Skin Anti-Blemish Anti-Wrinkle Scrub,2
2009,Neutrogena,Healthy Skin Anti-Wrinkle Cream - SPF 15,2
2009,Neutrogena,Intensified Day Moisture - SPF 15,2
2009,Neutrogena,Men's Wrinkle Fighter Daily Moisturizer SPF 15,1
2009,Neutrogena,Oil-Free Acne Wash  Pink Grapefruit Foaming Scrub,2
2009,Neutrogena,Oil-Free Acne Wash Daily Scrub,2
2009,Neutrogena,Oil-Free Acne Wash Pink Grapefruit Body Cleanser,2
2009,Neutrogena,Razor Defense Face Scrub,1
2009,Neutrogena,Triple Moisture Active Soothing Shampoo,1
2009,Neutrogena,Triple Moisture Daily Deep Conditioner,1
2009,Neutrogena,Triple Moisture Recovery Hair Mask,1
2009,Neutrogena,Visibly Even Cleanser,1
2009,Neutrogena,Visibly Even Daily Moisturizer SPF 30,2
2009,No7,Blush Tint,1
2009,Nourifusion,"MultiVitamin moisture mask with vitamins A,C & E",1
2009,Nourifusion,"MultiVitamin toner with vitamins A,C & E normal to dry",2
2009,Oi-Lin,Cleansing Cream,1
2009,Oi-Lin,Firming & Moisturizing Body Scrub,1
2009,Oi-Lin,Replenish Gel,2
2009,Old Navy,Lip Gloss,1
2009,Orly Intl,Cuticle Therapy Creme,1
2009,Orly Intl,Pink Chocolate,1
2009,Orly Intl,Powder Puff,1
2009,PCA Skin,facial wash,1
2009,PRIORI Advanced AHA,SOOTHING COMPLEX,1
2009,PRIORI CoffeeBerry,PERFECTING MINERALS POWDER SPF 25 Shade 2,3
2009,PROVON,Shampoo for Body & Hair,2
2009,Palladio,Herbal Lipstick,1
2009,Palladio,Wet & Dry Foundation,1
2009,Parfums Christian Dior,ADDICTED TO DIOR Bijou L�vres Duo de Gloss Jeweled Lip Gloss Duo,1
2009,Personal Elements,Advanced Healing Therapeutic Skin Care Lotion,1
2009,Physicians Formula,Organic Wear 100% Natural Origin Mascara,1
2009,Pond's,Pond's Age defEYE Eye Therapy,1
2009,Pond's,Pond's Fresh Start Daily Exfoliating Cleanser,1
2009,Pure & Basic,Pure & Basic Glitter-Up! Natural Shimmering Body Lotion Gold Glitter,1
2009,Pure & Basic,Pure & Basic Glitter-Up! Natural Shimmering Body Lotion Opalescent Gliter,1
2009,Realities,Realities Eau de Parfum Spray,1
2009,Realities,Realities Eau de Toilette Spray,1
2009,Regis Design Line,Curl Lock Conditioner,1
2009,Regis Design Line,Curl Lock Shampoo,2
2009,Regis Design Line,Hydrate Conditioner,2
2009,Regis Design Line,Hydrate Shampoo,1
2009,Revlon,Colorstay 12 Hour Eye Shadow Quad- rose shimmer 92,1
2009,Revlon,New Complexion One-Step Compact Makeup- Rich Tan,1
2009,Revlon,Skinlights Lip Kit- Rose Quartz- Plumberry,1
2009,Rimmel - London,Rimmel - London 60 Seconds Nail Polish,1
2009,Sally Girl,Sally Girl Eye Shadow Connecting Compacts - All Shades,2
2009,Sally Hansen,Sally Hansen Color Quick Pen,1
2009,Sally Hansen,Sally Hansen French Manicure White Tip Pen,1
2009,Sally Hansen,Sally Hansen Lipnotic Gem Gloss,1
2009,Sally Hansen,Sally Hansen Salon Hand Care Fast Absorbing Daily Hand Creme,1
2009,Savvy,Savvy Nail Lacquer,1
2009,Sei Bella - Confidential,Age-Defying Concealer,1
2009,Sei Bella - Confidential,Lash Primer - Confidential,2
2009,Serum Vegetal,UV defense fluid SPF20,1
2009,Skincare Cosmetics,Lip Drink SPF 15,1
2009,Suave,Suave Aloe with Cucumber Body Lotion,1
2009,Suave,Suave Exhale Alluring Sandalwood and Cinnamon Body Wash,1
2009,Suave,Suave Exhale Inspiring Lime Verbena Body Lotion,1
2009,Suave,Suave Exhale Inspiring Lime Verbena Body Wash,1
2009,Suave,Suave Exhale Lively Juicy Tangerine Body Wash,1
2009,Suave,Suave Firming Body Lotion,1
2009,Suave,Suave Juicy Tangerine Body Lotion,1
2009,Suave,Suave Lavender Vanilla Body Lotion,1
2009,Suave,Suave Natural Oatmeal Body Lotion,1
2009,Suave,Suave Naturals Apricot Exfoliating Body Wash,1
2009,Suave,Suave Naturals Cocoa Butter Body Wash,1
2009,Suave,Suave Naturals Lavender Vanilla Calming Body Wash,1
2009,Suave,Suave Peppermint Bliss Shimmer Body Wash,1
2009,Suave,Suave Powder Fresh Body Lotion,1
2009,Suave,Suave Sandalwood and Cinnamon Body Lotion,1
2009,Suave,Suave Skin Therapy Advanced Therapy Moisturizer,1
2009,Suave,Suave Skin Therapy Daily Exfoliating Body Wash,1
2009,Suave,Suave Skin Therapy Sensitive Skin Moisturizer,1
2009,Suave,Suave Vitamin E Body Lotion,1
2009,Sunflowers,Sunflowers Eau de Toilette Spray Naturel,1
2009,TRUETOUCH,Foundation Primer Cream,1
2009,The Body Shop,LOVE ETC BODY WASH,1
2009,The Body Shop,SATSUMA SHOWER GEL,1
2009,Topps,Nail Polish,1
2009,TrueTouch,Contouring Eye Liner,1
2009,TrueTouch,Precision Lip Liner,1
2009,Vaseline,Vaseline Ale Fresh Protecting Body Lotion SPF 15,1
2009,Vaseline,Vaseline Aloe Fresh Hydrating Body Lotion,1
2009,Vaseline,Vaseline Cocoa Butter Deep Conditioning Body Lotion,1
2009,Vaseline,Vaseline Cocoa Butter Deep Conditioning Cream,1
2009,Vaseline,Vaseline Daily Skin Shield Protective Body Lotion with SPF 15,1
2009,Vaseline,Vaseline Deep Moisture Cream,1
2009,Vaseline,Vaseline Intensive Rescue Healing Hand Cream,1
2009,Vaseline,Vaseline Intensive Rescue Moisture Locking Lotion,1
2009,Vaseline,Vaseline Intensive Rescue Moisture Locking Lotion Unfragranced,1
2009,Vaseline,Vaseline Men Fast Absorbing Body and Face Lotion,1
2009,Vaseline,Vaseline Men Hand Lotion,1
2009,Vaseline,Vaseline Total Moisture Conditioning Body Lotion,1
2009,Virtual Illusion,Lip Definer (Innocent),1
2009,Virtual Illusion,Lip Definer (Kola),1
2009,Virtual Illusion,Lip Definer (Naughty),1
2009,Virtual Illusion,Lip Definer (Nice),1
2009,Virtual Illusion,Lip Definer (Sienna),1
2009,Virtual Illusion,Lip Definer (Vixen),1
2009,YON KA,ADVANCED OPTIMIZER CREME,1
2009,YON KA,ADVANCED OPTIMIZER SERUM,1
2009,YON KA,ALPHA -CONTOUR - eye contour renewing gel,1
2009,YON KA,ALPHA EXFOLIATEUR - facial exfoliating fluid for all skin types,1
2009,YON KA,ANTI-AGE HOMME - Face moisturizer for men,1
2009,YON KA,ARGILE MARINE - Body mud mask,1
2009,YON KA,PROLONGATEUR DE BRONZAGE - Color enhancing body lotion,1
2009,Young Nails,"Rainbow Color Acrylic, Blue",1
2009,Young Nails,"Rainbow Color Acrylic, Purple",1
2009,Zuri,"Lip Gloss, All Shades",1
2009,Zuri,"Lipstick, All Shades",1
2009,Zuri Naturally Sheer,"Satin Finish Cream Makeup, All Shades",1
2009,bareMinerals,Lip Guard,1
2009,body by BRIGITTE,Wax Strip(s),1
2010,Aflred Sung,Sung Alfred Sung Parfum,1
2010,Alfred Sung,Jewel Alfred Sung Eau de Parfum Spray,1
2010,Alfred Sung,Jewel Alfred Sung Parfum Spray,1
2010,Alfred Sung,Sung Alfred Sung Eau de Toilette Spray,1
2010,Alpha Hydrox,Moisturizing Body Wash--Seamist,1
2010,Annemarie B�rlind,Eye Makeup Remover,1
2010,Arbonne Cosmetics,Natural Radiance Mineral Powder Foundation Broad Spectrum SPF 15 Sunscreen (Medium Beige),3
2010,Arbonne Cosmetics,Sheer Finish Tinted Moisturizer Broad Spectrum SPF 15 Sunscreen (Fair),3
2010,Aubrey Organics,Silken Earth Body Shimmer,1
2010,BEAUTY SOCIETY,CRYSTAL BALL,1
2010,BEAUTY SOCIETY,LET'S FACE IT,1
2010,BEAUTY SOCIETY,PHOTO SHOOT,1
2010,Badgley Mischka,Badgley Mischka Glamorous Bath and Shower Gel,1
2010,Bath & Body Works,Aromatherapy Sleep Mineral Bath Salts,1
2010,Bath & Body Works,C. O. Bigelow Mentha Body Exfoliating Soap,1
2010,Bath & Body Works,C.O. Bigelow Mentha Lip Shine,1
2010,Bath & Body Works,Lip Gloss Black Amethyst,1
2010,Bed Head,Urban Anti-Dotes Re-Energize # 1 Shampoo,1
2010,Bioglo,Spa Energy Body Wash,1
2010,Bioglo,Spa Energy Shampoo,1
2010,Boots Botanics,Lip Gloss,1
2010,CHANEL,Allure Hair & Body Wash,1
2010,CLARINS,COTTON FLOWER PALETTE YEUX 4 OMBRES &LINER / EYE QUARTET & LINER PALETTE,2
2010,CLARINS PARIS,BAROCCO TRIO FARD A PAUPIERES/EYE COLOUR TRIO,1
2010,CLARINS PARIS,BLUSH PRODIGE FARD A JOUES POUDRE COULEUR ET LUMIERE/ILLUMINATING CHEEK COLOUR,1
2010,CLARINS PARIS,CREME DE SOINS TEINTEE Multi-Hydratante SPF 6 / HYDRAQUENCH TINTED MOISTURIZER,2
2010,CLARINS PARIS,SKIN ILLUSION SPF 10 Teint Lumi�re effet naturel Toutes Teintes/SKIN ILLUSION Natural Radiance Foundation All shades,2
2010,China Glaze,Secret Peri-Wink-Le,1
2010,Curve,Curve Chill For Men Cologne Spray,1
2010,Curve,Curve Cologne Spray For Men,1
2010,Curve,Curve Crush Cologne Spray For Men,1
2010,Curve,Curve Wave Parfum,1
2010,Curve,Curve Wave for Women Eau de Parfum,2
2010,DHC,Dual Defense SPF 25,1
2010,DHC,Suncut Q10 30+,1
2010,Dial,Country Peach Body and Hair Shampoo,1
2010,ESTEREL Beaute Avancee,ACTION BELECLAT BEAUTE ABSOLUE Shampoo,1
2010,ESTEREL Beaute Avancee,APRES SOLEIL ECLAT SOLAIRE Shampoo,1
2010,ESTEREL Beaute Avancee,COMPLEXE DETOXINANT PHYTO EQUILIBRANTE Skin Cream,1
2010,ESTEREL Beaute Avancee,CREME RASAGE pH POUR HOMME Skin Cream,2
2010,ESTEREL Beaute Avancee,ECLATduJOUR  BEAUTE ABSOLUE Shampoo,1
2010,ESTEREL Beaute Avancee,ENERGISANT PRO-CAPILLAIRE VIGUEUR PHYTO 5-ALFA,1
2010,ESTEREL Beaute Avancee,ENERGISANT VIGUEUR PHYTO 5-ALFA Shampoo,1
2010,ESTEREL Beaute Avancee,GEL DOUCHE HYDRA TENDRE Bath Gel,1
2010,ESTEREL Beaute Avancee,HYDROACTIVE HYDRA ECLAT Skin Cream,1
2010,ESTEREL Beaute Avancee,HYDROACTIVE PLUS PHYTO LIFTING Skin Cream,1
2010,ESTEREL Beaute Avancee,LENIFIANTE HYDRA EVOLUTION Skin Cream,1
2010,ESTEREL Beaute Avancee,LONGUE BEAUTE SHELONG Shampoo,1
2010,ESTEREL Beaute Avancee,PHYTO ACTION EQUILIBRANTE ECLAT EQUILIBRE Shampoo,2
2010,ESTEREL Beaute Avancee,PHYTO ACTION PURIFIANTE PURIFIANT PELLICULES Shampoo,1
2010,ESTEREL Beaute Avancee,PHYTO B-HYDRATANT SOIN HYDRATANT Shampoo,1
2010,ESTEREL Beaute Avancee,PHYTO ECLATduJOUR BEAUTE ABSOLUE Shampoo,1
2010,ESTEREL Beaute Avancee,PHYTO FORTIFIANT PLUS SOIN HYDRATANT Shampoo,1
2010,ESTEREL Beaute Avancee,PHYTO SENSIBLE NUTRI COULEUR Shampoo,2
2010,ESTEREL Beaute Avancee,PHYTO SUEUR HYPER Shampoo,1
2010,ESTEREL Beaute Avancee,RENAISSANCE APRES SOLEIL ECLAT SOLAIRE Shampoo,1
2010,ESTEREL Beaute Avancee,REPARE POINTES POINTES ABIMEES Shampoo,1
2010,ESTEREL Beaute Avancee,SERUM BIO-NUTRITIF HYDRA EVOLUTION Skin Fluid,1
2010,ESTEREL Beaute Avancee,SURACTIVEE HYDRA ECLAT Skin Cream,1
2010,ESTEREL Beaute Avancee,SURACTIVEE PLUS PHYTO LIFTING Skin Cream,1
2010,Elizabeth Arden,Elizabeth Arden 5th avenue Parfum Extract,1
2010,Elizabeth Arden,Elizabeth Arden Fifth Avenue Eau De Parfum Spray,1
2010,Elizabeth Arden,Elizabeth Arden Green Tea Revitalize Eau de Toilette Spray,1
2010,Elizabeth Arden,Elizabeth Arden Red Door Cream Deodorant,1
2010,Elizabeth Taylor,White Diamonds Body Radiance Silky Moisturizing Body Mist,1
2010,Excelon,Ultra Antimicrobial Lotion Soap,1
2010,FDS,FDS Feminine Deodorant Spray Ocean Breeze,1
2010,FDS,FDS Feminine Deodorant Spray Shower Fresh,1
2010,FDS,FDS Feminine Deodorant Spray White Blossom,1
2010,Fingerpaints,Fingerpaints Top Coat,1
2010,Fresh,Lotus Eye Gel,1
2010,GOJO,Ultra Mild Antimicrobial Lotion Soap with Chloroxylenol,1
2010,GOJO�,E-2 Sanitizing Lotion Soap,1
2010,GOJO�,White Premium Lotion Soap,1
2010,Giorgio Beverly Hills,Giorgio Beverly Hills Red Perfumed Shower Gel,1
2010,Giorgio Beverly Hills,Red Giorgio Beverly Hills Extraordinary Eau de Toilette Spray,1
2010,Got2B,Hottie Repair Shampoo,1
2010,Got2B,Hottie Rescue Repair Conditioner,1
2010,Grand Touch�,Antimicrobial Lotion Soap,1
2010,HILLYARD,D.G.A. Plus Antimicrobial Soap,1
2010,Halston,Halston Body Lotion,1
2010,Halston,Halston Natural Spray Cologne,2
2010,Halston,Halston Z-14 After Shave Lotion,1
2010,Halston,Halston Z-14 Natural Spray Cologne,1
2010,Harmon,Body Wash for Sensitive Skin,1
2010,Houbigant,QuelQues Fleur Royale Lotion Hydratante Pour Le Corps,1
2010,INSETA,CREMA BARBA  Skin Cream,1
2010,INSETA,POWER SHAMPOO,1
2010,INSETA,SHAMPOO/DOCCIA GEL,1
2010,ISO,Daily Cleanse,1
2010,Innovative Skincare,"SPF 20 Powder Sunscreen, Sun Medium",1
2010,Kandesn,Lash Enhancer Mascara,1
2010,Kandesn,Liquid Eyeliner,3
2010,Kandesn Spa,Warm Body Scrub,1
2010,Kinerase,Kinerase Extreme Lift Eye,1
2010,L'BEL,Rouge Volumesse maximum volume effect lipstick SPF 21,2
2010,L.A. Colors,Eyeshadow Duo,1
2010,Liz Claiborne,Liz Claiborne Eau De Toilette Spray,2
2010,Lucky Brand,Lucky You Eau De Toilette Spray,2
2010,Lucky Brand,Lucky You Lucky Brand Body Mist,1
2010,Lucky Brand,Lucky You Perfume,1
2010,Lumene,"880900	LUMENE VITAMIN+ 24H VITA-NECTAR RENEWING EYE CREAM 20ML						",1
2010,Mambo,Mambo for Men Cologne,1
2010,Molton Brown,Cool Mentha Hair & Body Sportswash,2
2010,N.Y.C - New York Color,NYC Kiss Gloss,1
2010,Nail Magic,Nail Magic Hardener and Conditioner,1
2010,Nature's Gate,Nature's Gate Organics Advanced Care C For Yourself Vitamin C Texturizing Serum,1
2010,Nature's Sunshine Products,Pro-G-Yam,1
2010,Nature's Sunshine Products,Pro-G-Yam - 500,1
2010,Naturelle,Biotera Moisturizing Shampoo,1
2010,Oi-Lin,Body Lotion SPF-25,6
2010,Orly International,Star Spangled,1
2010,PCA Skin,facial wash,1
2010,PCA Skin,facial wash oily/problem,1
2010,PCA Skin,total wash face & body cleanser,1
2010,PS,PS Fine Cologne Spray,1
2010,PURELL�,Instant Hand Sanitizer with DERMAGLYCERIN SYSTEM�,1
2010,Quantum,Quantum Moisturizing Shampoo,1
2010,Que Bella,Dead-sea Mud Mask,1
2010,Renewed Dimensions,WEIGHTLESS CONDITIONER,1
2010,Right Guard,Right Guard Sport Clear Antiperspirant Gel-Fresh,1
2010,Right Guard,Right Guard Sport Clear Antiperspirant Solid--Fresh,1
2010,Ruby Kiss,TUBE LIP GLOSS-TRAFFIC STOPPER FUCHSIA PI,1
2010,SIGNATRY�,ULTRA ANTIMICROBIAL LOTION SOAP,1
2010,SISLEY - PARIS,EAU DU SOIR Creme parfumee hydratante / moisturizing perfumed body cream,1
2010,SUPER STAR,MINT JULEP MASQUE,1
2010,Sally Hansen,Sally Hansen Diamond Strength Cuticle & Nail Oil,1
2010,Sally Hansen,Sally Hansen Express Wax Hair Removal,1
2010,Salon Care,Salon Care All Purpose Remoisturizer Conditioner,1
2010,Skin Tight,In-Grown Hair and Razor Bump Creme,1
2010,Smooth N Shine,Curl Activator Gel,1
2010,St. Ives,St. Ives Apricot Scrub Blemish and Blackhead Control,1
2010,St. Ives,St. Ives Body Polish With Collagen Elastin,1
2010,St. Ives,St. Ives Collagen Elastin Moisturizing Body Wash,1
2010,St. Ives,St. Ives Energizing Citrus Moisturizing Body Wash,1
2010,St. Ives,St. Ives Soy Milk and Lotus Blossom Moisturizing Body Wash,1
2010,St. Ives,St. Ives Vitamin E Moisturizing Body Wash,1
2010,Studio Gear,TZone Mattifier,1
2010,Suave,Suave 2 in 1 Kids Surf's Up Shampoo,1
2010,Suave,Suave Body Wash Ocean Breeze,1
2010,Suave,Suave Conditioner Ocean Breeze,1
2010,Suave,Suave Shampoo Ocean Breeze,1
2010,Swan,Body Wash for Sensitive Skin,1
2010,The Body Shop,09 Eye Colour Matte,1
2010,The Body Shop,SWEET LEMON LIP BUTTER,1
2010,Thymes,Figleaf & Cassis Bar Soap,1
2010,Trish McEvoy,Cream Lip Color,1
2010,Trish McEvoy,Powder Blush (1),1
2010,UNA,UNA ENERGIZING SHAMPOO,1
2010,Usher,UR Usher Women Butter Body Cr�me,1
2010,Usher,Usher Butter Body Cream,1
2010,VO5,Alberto VO5 Hairspray Extra Body,1
2010,VO5,Alberto VO5 Silky Experiences Moisturizing Conditioner Champagne Kiss,1
2010,VO5,Alberto VO5 Silky Experiences Moisturizing Shampoo Champagne Kiss,1
2010,W,Body Wash for Sensitive Skin,1
2010,Wings,Wings Extraordinary Perfume,1
2010,Wings,Wings For Men Eau de Toilette Spray,1
2010,Wings,Wings For Men Shower Gel,1
2010,[comfort zone],AROMASOUL MEDITERRANEAN shower gel,1
2011,Alfred Sung,Shi Alfred Sung Eau de Parfum,1
2011,Alfred Sung,Shi Alfred Sung Moisture Balance Body Lotion,1
2011,Alfred Sung,Shi Alfred Sung Moisture Balance Shower Gel,1
2011,Alfred Sung,Shi Alfred Sung Parfum,1
2011,Alfred Sung,Sung Alfred Sung Eau de Parfum Spray,1
2011,Bain de Terre,All Day Straight Safflower Smoothing Gel,1
2011,Bain de Terre,Bain de Terre Water Lily Fullness & Body Shampoo,1
2011,Bain de Terre,Beat the Heat Pomegranate Thermal Protector,1
2011,Bain de Terre,Green Meadow Balancing Conditioner,1
2011,Bain de Terre,Green Meadow Balancing Shampoo,1
2011,Bain de Terre,Recovery Complex Anti-Frizz Serum,1
2011,Beyond the Zone,Beyond the Zone Spike It Hair Cement,1
2011,Britney Spears,Believe Britney Spears Eau De Parfum Spray,1
2011,Britney Spears,Believe Britney Spears Shower Gel,1
2011,Britney Spears,Britney Spears Believe Feeling is Believing Body Souffle,1
2011,CHANEL,Allure Homme Hair & Body Wash,1
2011,CHANEL,Allure Homme Sport Hair & Body Wash,1
2011,CLARINS-PARIS,PASSION PALETTE TEINT/FACE PALETTE,1
2011,Crabtree & Evelyn,Bath & Shower Gel,1
2011,Curve,Curve After Shave for Men,1
2011,Curve,Curve Connect For Men Cologne Spray,1
2011,Curve,Curve Crush for Men Daily Deodorant,1
2011,Curve,Curve Eau de Toilette Spray for Women,1
2011,Curve,Curve Perfume,1
2011,DECLEOR,AROMA CLEANSE - CREME MICRO LISSANTE PURETE EXFOLIANTE / MICRO-SMOOTHING CREAM,1
2011,DECLEOR,LIFE RADIANCE - GOMMAGE DOUBLE ECLAT / DOUBLE RADIANCE SCRUB,1
2011,Elizabeth Arden,Elizabeth Arden Ceramide Plump Perfect Ultra All Night Repair and Moisture Cream for Face and Throat,1
2011,Elizabeth Arden,Elizabeth Arden Red Door Bath and Shower Gel,1
2011,Elizabeth Arden,Elizabeth Arden Red Door Luxurious Body Cream,1
2011,Elizabeth Arden,Elizabeth Arden Red Door Perfumed Body Lotion,1
2011,Elizabeth Arden,Elizabeth Arden Special Moisture Formula for Body Care,1
2011,Elizabeth Arden,Elizabeth Arden Visible Difference Refining Moisture Cream Complex,1
2011,Elizabeth Taylor,Elizabeth Taylor Brilliant White Diamonds Luxurious Body Lotion,1
2011,Elizabeth Taylor,Elizabeth Taylor Passion Eau De Toilette Spray,1
2011,Elizabeth Taylor,White Diamonds Body Radiance Satin Body Talc,1
2011,Elizabeth Taylor,White Diamonds Elizabeth Taylor Body Radiance Deodorant Naturel Spray,1
2011,Got2b,Cosmic Shimmering Serum,1
2011,"Hallmark Cards, Inc.",Disney's Tangled Lip Gloss,1
2011,"Hallmark Cards, Inc.",Hannah Montana Lip Gloss,1
2011,Halston,Halston Alcohol-Free Spray Cologne,1
2011,Halston,Halston Perfumed Body Cream,1
2011,Iredale Mineral Cosmetics Skin Care,Lip Fixation,1
2011,Kate Somerville,Cytocell Eye Cream,1
2011,Kimcare General,Gentle Lotion Skin Cleanser,1
2011,L'BEL,L'BEL EFFET PARFAIT  Specialized Eye Lashes Treatment AM / PM,1
2011,L'BEL,L'BEL/EBEL EFFET PARFAITT Foundation with Spot-Clayrifying Effect SPF 18,1
2011,L.A. Colors,Auto Lipliner,1
2011,Lush Handmade Cosmetics,Dirty Soap,1
2011,Molton Brown,Unwind Atoll Crystal Bath Soak,1
2011,Nail Magic,Nail Magic Hardener and Conditioner,1
2011,No7,Moisture Drench Lipstick 40 Pink Lemonade,1
2011,No7,Mositure Drench Lipstick 05 Divine,1
2011,Nucleic-A,Nucleic-A Proteplex Color Protecting Shampoo,1
2011,PCA SKIN,ReBalance,1
2011,Regis,Moisture Shimmering Lip Tint,1
2011,Rimmel - London,Rimmel - London Clean Finish Foundation,1
2011,Rimmel - London,Rimmel - London Glam'Eyes HD Shadows,1
2011,SERGE LUTENS,FIVE O'CLOCK AU GINGEMBRE EAU DE PARFUM,1
2011,SISLEY - PARIS,EAU DE CAMPAGNE Deodorant parfum� / perfumed deodorant,1
2011,SISLEY - PARIS,EAU DE CAMPAGNE Fluide hydratant pour le corps / Moisturizing body lotion,1
2011,SISLEY - PARIS,EAU DE CAMPAGNE Huile pour le corps et le bain / bath and body oil,2
2011,SISLEY - PARIS,EAU DE CAMPAGNE Phytogel douche et bain / Bath and shower gel,1
2011,SISLEY - PARIS,EAU DU SOIR,1
2011,SISLEY - PARIS,EAU DU SOIR D�odorant parfum� / perfumed deodorant,1
2011,SISLEY - PARIS,EAU DU SOIR Gel parfum� douche et bain / perfumed bath and shower gel,1
2011,Smooth N Shine,Rx Leave in Treatment,1
2011,Soap & Glory,Clean Girls Body Wash,1
2011,Soap & Glory,Eye Maintenance Instant-Action Moisturizing Gel,1
2011,Soap & Glory,Sexy Mother Pucker Lip Gloss What A Melon,1
2011,Soap & Glory,Spa Peaches & Clean Shower Gel,1
2011,Soap & Glory,"Supereyes, supereyes",1
2011,Soap & Glory,The Scrub of Your Life the ultimate super-smoothing body buffer,2
2011,The Body Shop,LIFE IS SHOWER GEL,1
2011,The Body Shop,Mango Foaming Bath,1
2011,The Body Shop,SATSUMA HAND WASH,1
2011,The Body Shop,SHEA SHOWER CREAM,1
2011,Wings,Wings Extraordinary Perfumed Body Moisturizer,1
2011,ZACH'S WAX,SPIRIT GEL,1
2011,[comfort zone],AROMASOUL ARABIAN shower gel,1
2011,tarte,Fame Eyeshadow (The Starlet Limited),1
2012,AMBI,AMBI COMPLEXION BAR,1
2012,Ahold,Advanced Recovery Skin Lotion,1
2012,America's Choice,Advanced Recovery Skin Lotion,1
2012,America's Choice,Dry Skin Lotion,1
2012,American Fare,Advanced Recovery Skin Lotion,1
2012,April Bath & Shower,Facial Mask,1
2012,Bain de Terre,Prime Time Chamomile Styling Foundation,1
2012,Bain de Terre,Recovery Complex Replenishing Hair Balm,1
2012,Bain de Terre,Rise 'n Shine White Willow Volumizing Foam,1
2012,Bain de Terre,You're In Control Lemon Balm Shaping Gel,1
2012,Best Choice,Advanced Recovery Skin Lotion,1
2012,CACEE,CACEE GEL TOP,1
2012,Care One,Advanced Recovery Skin Lotion,1
2012,Ceramic Glaze,Cocktail Attire Lacquer,1
2012,Coast,Bar Soap,2
2012,Colgate,Oxygen Whitening 2 in 1 (Toothpaste & Mouthwash),1
2012,Couleurs Nature,Curl Extender mascara,1
2012,Couleurs Nature,Makeup palette blushes,1
2012,Couleurs Nature,Nail Lacquer - Velvet Red -Taupe Rose - 2012 christmas,1
2012,Crabtree & Evelyn,Bath & Shower Gel,1
2012,Crabtree & Evelyn,Cooks Citrus Liquid Hand Soap,1
2012,Elizabeth Arden,Elizabeth Arden 2-in-1 Cleanser All Skin Types,1
2012,Elizabeth Arden,Elizabeth Arden Ceramide Plump Perfect Firming Body Souffle,1
2012,Elizabeth Arden,Elizabeth Arden Ceramide Plump Perfect Gentle Line Smoothing Exfoliator,1
2012,Elizabeth Arden,Elizabeth Arden Ceramide Plump Perfect Targeted Line Concentrate,1
2012,Elizabeth Arden,Elizabeth Arden Ceramide Time Complex Moisture Cream SPF 15,2
2012,Elizabeth Arden,Elizabeth Arden Matte Moisture Lotion,1
2012,Equaline,Advanced Recovery Skin Lotion,1
2012,Equaline,Bubble Gum Bubble Bath,1
2012,Equaline,Very Blue Berry Bubble Bath,1
2012,Equate,Advanced Recovery Skin Lotion,1
2012,Essenza,Essenza 25.4oz Hand Soap French Lavender,1
2012,Essenza,Essenza 25.4oz Hand Soap Ginger Citrus,1
2012,Essenza,Essenza 25.4oz Hand Soap Rosemary Mint,1
2012,Exchange Select,Advanced Recovery Skin Lotion,1
2012,EzFlow Trugel,Blushing Beauty,1
2012,Good Neighbor Pharmacy,Advanced Recovery Skin Lotion,1
2012,Good Sense,Advanced Recovery Skin Lotion,1
2012,HCE,Advanced Recovery Skin Lotion,1
2012,Harmon,Advanced Recovery Skin Lotion,1
2012,Healthy Accents,Advanced Recovery Skin Lotion,1
2012,Hill Country Essentials,Advanced Recovery Skin Lotion,1
2012,Hill Country Essentials,Dry Skin Lotion,1
2012,Hy-Vee,Advanced Recovery Skin Lotion,1
2012,I Love,Lots of Bubbles Bubble Bath & Shower Gel Miniature Collection,1
2012,Johnson & Johnson,JOHNSON'S BODY CARE FEELING HEALTHY GREEN TEA LOTION,1
2012,Johnson & Johnson,"Johnson's Body Care 24 Hour Body Lotion,",1
2012,Joico,Daily Care Balancing Shampoo,1
2012,Joico,Daily Care Conditioning Shampoo,1
2012,Joico,Daily Care Treatment Shampoo,1
2012,Kimberly-Clark Professional,White Pearlescent Lotion Soap,1
2012,Kimcare,Hair & Body Wash,2
2012,Kimcare General,Golden Lotion Soap,1
2012,Kimcare General,Pearlized Lotion Soap,1
2012,Kimcare General,Pink Lotion Soap,1
2012,Kimcare General,White Satin Lotion Soap,1
2012,Klar & Danver,Liquid Hand Soap Berry Delicious,1
2012,LA Looks,Brilliant Shine Gel,1
2012,Luminelle 4,Eye pencil 2012 christmas,1
2012,Luminelle 4,Eyeshadow,1
2012,Lush Handmade Cosmetics,Golden Wonder Ballistic,1
2012,Meijer,Advanced Recovery Skin Lotion,1
2012,Meijer,Dry Skin Lotion,1
2012,Molton Brown,Cool Buchu Anti-perspirant Stick,1
2012,Monkey Butt,Dry Skin Lotion,1
2012,Nail Magic,Nail Magic Hardener and Conditioner,1
2012,PROMASTER,PROMASTER POWDER BLEACH,1
2012,Pacific Garden�,Pacific Garden� Body Wash and Shampoo,2
2012,Pacific Garden�,Pacific Garden� General Purpose Lotion Soap,2
2012,Parfums Christian Dior,DIOR HOMME DERMO SYSTEM S�rum Yeux Tenseur D�fatigant Anti-Fatigue Firming Eye Serum,1
2012,Penhaligon's,Blenheim Bouquet Bath & Shower Gel,2
2012,Personal Elements,Advanced Recovery Skin Lotion,1
2012,Premier Value,Advanced Recovery Skin Lotion,1
2012,Proclaim,Proclaim Neutralizing Shampoo,1
2012,Publix,Advanced Recovery Skin Lotion,1
2012,Quality Choice,Advanced Recovery Skin Lotion,1
2012,Retinol-X,Anti-Aging Cleanser,1
2012,Rite Aid,Advanced Recovery Skin Lotion,1
2012,SISLEY - PARIS,SOIN CAPILLAIRE apr�s shampooing / HAIR CARE CONDITIONER,1
2012,Safeway,Advanced Recovery Skin Lotion,1
2012,Senscience,Sencience Balance Shampoo,1
2012,Shop Rite,Advanced Recovery Skin Lotion,1
2012,Shopko,Advanced Recovery Skin Lotion,1
2012,Shopko,Dry Skin Lotion,1
2012,Skincare L de L Cosmetics Retinol,Eye Gel,1
2012,Skincare L de L Cosmetics Retinol,Skin Brightener,1
2012,Soap & Glory,Calm One Calm All Stress - Battling Softening Bubble Bath,1
2012,Soap & Glory,Clean On Me Creamy Clairifying Shower Gel,1
2012,Soap & Glory,The Scrub of Your Life the ultimate super-smoothing body buffer,2
2012,Softsoap,Aquarium Liquid Hand Soap,1
2012,Softsoap,Nutri Serum - Omega 3&6,1
2012,Softsoap,Seasonal Foaming Hand Soap,1
2012,Swan,Advanced Recovery Skin Lotion,1
2012,The Body Shop,Coconut Hand Wash,1
2012,The Body Shop,HONEY BRONZE 01 SHIMMER LIP BALM,1
2012,The Body Shop,Japanese Cherry Blossom Bath & Shower Gel,1
2012,The Body Shop,LOVE ETC BODY WASH,2
2012,The Body Shop,MANGO HAND WASH,1
2012,The Body Shop,MANGO SHOWER GEL,1
2012,The Body Shop,Mango Hand Wash,1
2012,The Body Shop,Neroli Jasmin Shower Gel,1
2012,The Body Shop,Olive Shower Gel,1
2012,The Body Shop,PINK GRAPEFRUIT HAND WASH,1
2012,The Body Shop,PINK GRAPEFRUIT SHOWER GEL,1
2012,The Body Shop,Papaya Shower Gel,1
2012,The Body Shop,Passion Fruit Shower Gel,1
2012,The Body Shop,Peach Shower Gel,1
2012,The Body Shop,SATSUMA BODY POLISH,1
2012,The Body Shop,SATSUMA SHOWER GEL,1
2012,The Body Shop,STRAWBERRY BODY POLISH,1
2012,The Body Shop,STRAWBERRY HAND WASH,2
2012,The Body Shop,STRAWBERRY SHOWER GEL,1
2012,The Body Shop,Seaweed Deep Cleansing Facial Wash,1
2012,The Body Shop,Vanilla Bath & Shower Gel,1
2012,Topcare,Advanced Recovery Skin Lotion,1
2012,Western Family,Advanced Recovery Skin Lotion,1
2012,Western Family,Dry Skin Lotion,1
2012,[comfort zone],AROMASOUL INDIAN shower gel,1
2012,[comfort zone],AROMASOUL ORIENTAL shower gel,1
2013,Aesop,A Rose By Any Other Name Body Cleanser,1
2013,Aesop,Animal,1
2013,Aesop,Calming Shampoo,1
2013,Aesop,Classic Shampoo,1
2013,Aesop,Coriander Seed Body Cleanser,1
2013,Aesop,Equalising Shampoo,1
2013,Aesop,Geranium Leaf Body Cleanser,1
2013,Aesop,Geranium Leaf Body Scrub,2
2013,Aesop,Resurrection Aromatique Hand Wash,2
2013,Aesop,Reverence Aromatique Hand Wash,3
2013,Aesop,Volumising Shampoo,1
2013,Alfred Sung,Jewel Alfred Sung Luxorious Body Lotion,1
2013,American Fare,Coal Tar Shampoo,1
2013,Anastasia Beverly Hills,After Tweeze Cream,1
2013,Arbonne Cosmetics,Lipstick,1
2013,Aubrey Organics,Natural Lips Sheer Tint - Autumn Frost,1
2013,Aubrey Organics,Natural Lips Sheer Tint - Blush Pearl,1
2013,Aubrey Organics,Natural Lips Sheer Tint - Mocha Pearl,1
2013,Aubrey Organics,Natural Lips Sheer Tint - Pink Pearl,1
2013,Aubrey Organics,Natural Lips Sheer Tint - Strawberry Frost,1
2013,Aubrey Organics,Natural Lips Sheer Tint - Sugar Clear,1
2013,BATH CRAYONS,BATH CRAYONS,2
2013,Best Choice,Coal Tar Shampoo,1
2013,Bubble Bath,Bubble Bath,1
2013,Burt�s Bees,Burt�s Bees Lip Shimmer,2
2013,Burt�s Bees,Burt�s Bees Sunscreen SPF 30,1
2013,Burt�s Bees,Burt�s Bees Tinted Lip Balm,1
2013,CVS,Coal Tar Shampoo,1
2013,CVS,Coal Tar Shampoo Extra Strength,1
2013,Couleurs Nature 3,Natural blush,1
2013,Cover FX,Pressed Mineral Foundation,1
2013,Crabtree & Evelyn,Nantucket Briar Bath & Shower Gel,1
2013,DHC,Body Sunscreen Milk,1
2013,DHC,Body Sunscreen Milk SPF 30+,1
2013,DHC,Lip Color Perfect Pro Creme,1
2013,DHC,Lip Color Perfect Pro Long Last,1
2013,Dax Hair Care,Vegetable Oil Shampoo,1
2013,Deb,Aero IQ Antibacterial Quat Foaming Soap,2
2013,Deb,Aquaress Hand & Body Shampoo,2
2013,Deb,Blue Hand & Body Shampoo,2
2013,Deb,Deb Med Hydrating Lotion,1
2013,Deb,Deb Pure Restore,1
2013,Deb,Gentlewash Skin Cleanser,2
2013,Deb,Heritage  Heavy-Duty Hand Cleaner,1
2013,Deb,LHS Lotion Hand Soap,1
2013,Deb,Panache Antibacterial Body Wash & Shampoo,2
2013,Deb,SBS 61 Lotion Soap,2
2013,Deb,SBS 71 Lotion Skin Cleanser,2
2013,Deb,SBS 72 Lotion Skin Cleanser,2
2013,Deb,SBS Ultrapink Pearlescent Antibacterial Gel,2
2013,Deb,Splash! Pink Pearlized Skin Cleanser,1
2013,Deb,UltraGreen Antibacterial gel,2
2013,DermaCen,ApraCare Foaming Shampoo / Body Wash,2
2013,Desert Essence,Organics Lip Tint,1
2013,Dial,Dial Body Wash with White Tea and Vitamin E Pearls,1
2013,Don PLUS,Antibacterial Lotion Soap,1
2013,Dove,Antiperspirant Invisible Solid Powder,1
2013,Dove,Beauty Bar Pink,1
2013,Dr Chen,Brightening Serum,1
2013,Elizabeth Arden,Elizabeth Arden Daily Moisture Lotion SPF 15,2
2013,Elizabeth Arden,Elizabeth Arden Intervene Daily Moisture Lotion SPF 15,2
2013,Elizabeth Arden,Elizabeth Arden Peel and Reveal Revitalizing Treatment,1
2013,Elizabeth Taylor,Elizabeth Taylor Black Pearls Eau de Parfum Spray Naturel,2
2013,Equaline,Coal Tar Shampoo,1
2013,Equaline,Coal Tar Shampoo Extra Strength,1
2013,Equate,Coal Tar Shampoo,1
2013,Equate,Coal Tar Shampoo Extra Strength,1
2013,Equate,Healthy Glow Day Moisturizer Medium/Tan Skin Tones,1
2013,Equate Beauty,Anti-Wrinkle and Firming Eye Cream,2
2013,Eucerin,Eucerin Calming Body Wash Daily Shower Oil,1
2013,Exchange Select,Coal Tar Shampoo,1
2013,Family Dollar,Coal Tar Shampoo,2
2013,Fantaisia,IC Hair Polisher Shampoo,1
2013,Fat Hair,Amplifying Hairspray,2
2013,Fingerpaints,Fingerpaints Base Coat,1
2013,Foaming Hand Soap,Foaming Shea Butter Hand Soap,1
2013,GUERLAIN,NOIR G DE GUERLAIN - EXCEPTIONAL COMPLETE MASCARA,1
2013,Georgia-Pacific,Georgia-Pacific Lotion Soap,2
2013,Good Sense,Coal Tar Shampoo,1
2013,Hallmark Cards,Spiderman Tattoo in Greeting Card,1
2013,I Love,Coconut & Cream Bubble Bath & Shower Gel,1
2013,I Love,Mango & Papaya Bubble Bath & Shower Gel,1
2013,I Love,Raspberry & Blackberry Bubble Bath & Shower Gel,1
2013,ISSEY MIYAKE - L'EAU D'ISSEY,CREME DE DOUCHE HYDRATANTE,1
2013,ISSEY MIYAKE - PARFUMS PLEATS PLEASE,GEL DOUCHE HYDRATANT,1
2013,Image Essentials,Coal Tar Shampoo Extra Strength,2
2013,Kandesn,Hair Highlighter,1
2013,Kandesn,LIp Gloss,2
2013,Kandesn,Liquid Eyeliner,3
2013,Kandesn,Moisturizing Lip Colors,3
2013,Kandesn,Protective Foundation SPF 15,1
2013,L'OCCITANE EN PROVENCE,CHERRY PRINCESS PEARLESCENT SHOWER CREAM,2
2013,LiceMD,LiceMD Shampoo,1
2013,Lumene,Lumene Time Freeze Instant Eye Lift Serum,1
2013,Lush Handmade Cosmetics,Amandopondo Bubble Bar,2
2013,Lush Handmade Cosmetics,Blue Skies Bubble Bar,1
2013,Lush Handmade Cosmetics,Comforter Bubble Bar,1
2013,Lush Handmade Cosmetics,Creamy Candy Bubble Bar,1
2013,Lush Handmade Cosmetics,Dorothy Bubble bar,1
2013,Lush Handmade Cosmetics,Dragon's Egg,1
2013,Lush Handmade Cosmetics,Fair Trade Honey,1
2013,Lush Handmade Cosmetics,Fizzbanger,1
2013,Lush Handmade Cosmetics,French Kiss,1
2013,Lush Handmade Cosmetics,Godiva,2
2013,Lush Handmade Cosmetics,Green Bubbleroon,1
2013,Lush Handmade Cosmetics,Karma Bubble Bar,2
2013,Lush Handmade Cosmetics,Karma Komba,1
2013,Lush Handmade Cosmetics,Karma Komba Shampoo Bar,1
2013,Lush Handmade Cosmetics,Ma Bar Bubble Bar,1
2013,Lush Handmade Cosmetics,Pop In The Bath Bubble Bar,1
2013,Lush Handmade Cosmetics,Rose Jam Bubbleroon,1
2013,Lush Handmade Cosmetics,Seanik,1
2013,Lush Handmade Cosmetics,Sugar Scrub,1
2013,Lush Handmade Cosmetics,Sunny Side Bubble Bar,1
2013,Lush Handmade Cosmetics,The Green Bubbleroon,1
2013,Lush Handmade Cosmetics,Trichomania,1
2013,Lush Handmade Cosmetics,Yuzu & Cocoa Bubbleroon,1
2013,MARC JACOBS BEAUTY,HIGHLINER GEL EYE CRAYON,1
2013,Morgan Childs,MC 25.4oz Cucumber Melon Hand Soap,1
2013,Morgan Childs,MC 25.4oz Cucumber Melon Lavender Vanilla Hand Soap,1
2013,Morgan Childs,MC Avocado Olive 17.5oz Hand Soap,1
2013,Morgan Childs,MC Grapefruit 17.5oz Hand Soap,1
2013,Morgan Childs,MC Lavender 17.5oz Hand Soap,1
2013,Morgan Childs,MC Rosemary 17.5oz Hand Soap,1
2013,Morgan Childs,MC Tangerine 17.5oz Hand Soap,1
2013,Mustela,Post Partum Body Restructuring Gel,1
2013,NARCISO RODRIGUEZ - FOR HIM,GEL DOUCHE INTEGRAL,1
2013,New Directions Aromatics,Cream Cleanser,1
2013,New Directions Aromatics,Smoothing Body Polish,1
2013,Nu Skin,Nu Colour Tinted Moisturizer Broad Spectrum SPF 15 - Beige,3
2013,ORS,Weave Rx Ultimate Bond Remover,1
2013,Oi-Lin,Deep Moisture Lotion SPF-25,1
2013,Oi-Lin,Deep Moisture Lotion Tinted SPF-25,2
2013,Oi-Lin,Exceptional Cream,1
2013,PERSON & COVEY,DHS SAL SHAMPOO,1
2013,PERSON & COVEY,DHS TAR SHAMPOO,1
2013,PERSON & COVEY,DHS ZINC SHAMPOO,1
2013,PRIME SOURCE,Antibacterial Lotion Soap,1
2013,PRO�LINK�,Antibacterial Gold Hand Soap,1
2013,Pacific Garden�,"Pacific Garden� Foam Antimicrobial Soap, DF, FF",1
2013,Pacific Garden�,"Pacific Garden� Foam Antimicrobial Soap, Pacific Citrus�",1
2013,Palmolive Caprice,Especialdades Acti-Cerimidas Shampoo,1
2013,Penhaligon's,Artemisia Bath & Shower Gel,4
2013,Penhaligon's,Blenheim Bouquet Bath & Shower Gel,2
2013,Penhaligon's,Bluebell Bath & Shower Gel,4
2013,Penhaligon's,Elisabethan Rose Bath & Shower Gel,4
2013,Penhaligon's,Elixir Bath & Shower Gel,4
2013,Penhaligon's,Ellenisia Bath & Shower Gel,4
2013,Penhaligon's,Endymion Bath & Shower Gel,4
2013,Penhaligon's,Juniper Sling Bath & Shower Gel,2
2013,Penhaligon's,Lavandula Bath & Shower Gel,4
2013,Penhaligon's,Lavandula Liquid Hand Wash,2
2013,Penhaligon's,Lily of the Valley Bath & Shower Gel,4
2013,Penhaligon's,Malabah Bath & Shower Gel,4
2013,Penhaligon's,Opus 1870 Bath & Shower Gel,4
2013,Penhaligon's,Quercus Bath & Shower Gel,4
2013,Penhaligon's,Sartorial Bath & Shower Gel,2
2013,Penhaligon's,Vanities Bath & Shower Gel,4
2013,Pond's,Wet Cleaning Towelettes,1
2013,Premier Value,Coal Tar Shampoo,1
2013,Quality Choice,Coal Tar Shampoo,2
2013,Reliable,Gold Antimicrobial Lotion Soap,1
2013,Renown�,Antibacterial Soap,1
2013,Rexall,Medicated Shampoo,2
2013,Rite Aid,Coal Tar Shampoo,1
2013,Rite Aid,Coal Tar Shampoo Extra Strength,2
2013,SBS 40,SBS 40 Medicated Skin Cream,2
2013,SISLEY - PARIS,BROAD SPECTRUM SUNSCREEN colorless SPF30+,1
2013,SISLEY - PARIS,BROAD SPECTRUM SUNSCREEN natural SPF20,1
2013,SISLEY - PARIS,CREME REPARATRICE / RESTORATIVE FACIAL CREAM,1
2013,SISLEY - PARIS,EMULSION ECOLOGIQUE / ECOLOGICAL COMPOUND,1
2013,SISLEY - PARIS,LOTION TONIQUE AUX FLEURS / FLORAL TONING LOTION,1
2013,SISLEY - PARIS,PHYTO-KHOL PERFECT / EYELINER - all shades,2
2013,SISLEY - PARIS,PHYTO-LEVRES PERFECT / LIPLINER - all shades,2
2013,SISLEY - PARIS,PHYTO-MASCARA ULTRA VOLUME - all shades,2
2013,SISLEY - PARIS,PHYTO-OMBRE ECLAT / LONG LASTING EYE SHADOW - all shades,2
2013,SISLEY - PARIS,PHYTO-POUDRE COMPACTE / PRESSED POWDER - all shades,2
2013,SISLEY - PARIS,PHYTO-TOUCHES DE SISLEY / SUN GLOW - duo miel cannelle,1
2013,SISLEY - PARIS,POUDRE TRANSPARENTE / TRANSPARENT LOOSE FACE POWDER - all shades,2
2013,SISLEY - PARIS,ROUGE A LEVRES HYDRATANT LONGUE TENUE / HYDRATING LONG LASTING LIPSTICK - all shades,2
2013,SISLEY - PARIS,SHAMPOOING / SHAMPOO,1
2013,SISLEY - PARIS,SUPER STICK SOLAIRE zones sensibles incolore SPF30 / SUNSCREEN for sensitive areas colorless SPF30,1
2013,Sally Hansen,Sally Hansen Advanced Hard as Nails,1
2013,Silk Elements,Silk Elements Luxury Moisturizing Neutralizing Shampoo,1
2013,Silk Elements,Silk Elements Luxury Moisturizing Shampoo,1
2013,Sisley - Paris,PHYTO-KHOL STAR / GLITTERING EYELINER - all shades,2
2013,Soft Care,Enriched Lotion Soap,1
2013,Soft Care,Neutra-Germ Antibacterial Lotion Soap,1
2013,Soft Care,Neutra-Germ Fragrance Free Antibacterial Lotion Soap,1
2013,SunSmile,Herbal Toothpaste,1
2013,Sunmark,Coal Tar Shampoo,1
2013,Swan,Coal Tar Shampoo,1
2013,TRUETOUCH,Defining Eyeshadow,2
2013,TRUETOUCH,Lengthening Mascara,1
2013,TRUETOUCH,Luminous Mineral Foundation,2
2013,TRUETOUCH,Precision Lip Liner,2
2013,TRUETOUCH,Shiny Lip Gloss,2
2013,The Body Shop,ALMOND SHOWER GEL,1
2013,The Body Shop,WHITE MUSK BLUSH SUMPTUOUS SILK SHOWER GEL,2
2013,Topcare,Coal Tar Shampoo,1
2013,Triple S,Gentle Antibacterial Cleanser,1
2013,Up & Up,Coal Tar Shampoo,2
2013,Up & Up,Medicated Shampoo,2
2013,Western Family,Coal Tar Shampoo,1
2013,YON KA,ADVANCED OPTIMIZER CREME,1
2013,YON KA,AUTOBRONZANT - Face and body self tanning lotion,1
2013,YON KA,BONNE MINE - Bronzer moist for men,1
2013,[comfort zone],TRANQUILLITY oil,1
2013,colorescience,pressed mineral foundation,1
2013,enMotion�,"enMotion� Antimicrobial Foam Soap with Moisturizers, DF, FF",1
2013,enMotion�,"enMotion� Antimicrobial Foam Soap with Moisturizers, Tranquil Aloe",1
2013,instacolor,instacolor TEMPORARY HAIR COLOR SPRAY,2
2014,All Hands,Hand Care System Pink Satin Lotionized Soap,1
2014,Anastasia Beverly Hills,Eyeshadow Refill (Moss shade),1
2014,Arbonne,"Hamptons Classic Palette - Eye Shadows (Seashell, Pebble, Sand Dune, Driftwood)",1
2014,Arbonne Cosmetics,Eye Shadow (Cabernet),1
2014,Artistry,Artistry 8 Essentials Hydrating Lotion SPF 15,1
2014,Bath & Body Works ,Bath & Body Works Diamond Shimmer Mist Morocco Orchid & Pink Amber,1
2014,Beyond the Zone,Beyond the Zone Shock Therapy Bold Blonde Blonde Booster Treatment,1
2014,Beyond the Zone,Beyond the Zone Shock Therapy Extreme Clean Clarifying Treatment,1
2014,Bioelements,Lip Buff,1
2014,Bioelements,Year-Round Protector,1
2014,Bunny Bubble Bar,Bunny Bubble Bar,1
2014,China Glaze,Nail Lacquer - Honeysuckle,1
2014,Don,Pink Lotion Soap,1
2014,EXCELON�,Luxury Lotion Soap,1
2014,EXCELON�,Spring Shower Body & Hair Shampoo,2
2014,Elucence,Serious Shine Spray,1
2014,Fing'rs,Heart 2 Art Nail Polish,1
2014,Gelish,Are You Feeling It?,2
2014,Gelish,Bashful,1
2014,Grand Touch�,Body & Hair Shampoo,2
2014,Grand Touch�,Pink Lotion Soap with Moisturizers,1
2014,HILLYARD,Pink Plus Lotion Soap,1
2014,ISSEY MIYAKE - L'EAU D'ISSEY POUR HOMME,GEL DOUCHE,1
2014,ISSEY MIYAKE - L'EAU D'ISSEY POUR HOMME SPORT,SHAMPOOING INTEGRAL CORPS ET CHEVEUX,1
2014,Kenra (r) Platinum,Styling Creme,1
2014,NARCISO RODRIGUEZ - FOR HER,SON SOIN DOUCHE,1
2014,Nailene,Acrylic Liquid,1
2014,Natural Advantage,Firming & Lifting Neck Treatment,1
2014,Neutrogena,Healthy Volume Mascara,1
2014,New Directions Aromatics,Bubble Bath,2
2014,New Directions Aromatics,Shampoo,1
2014,New Directions Aromatics,Shower Gel,2
2014,Nice Touch,Pink Jade Hand Cleaner,1
2014,PERSON & COVEY,DHS TAR GEL SHAMPOO,1
2014,PRIME SOURCE,Lotion Hand Soap,1
2014,PRIME SOURCE,SILKY PINK HAND SOAP,1
2014,PRIME SOURCE,Super Pink Hand Soap,1
2014,PRO�LINK�,Big Pink Lotion Soap,1
2014,PRO�LINK�,Hair & Body Shampoo,2
2014,PRO�LINK�,Prestige� 1000 Lotion Skin Cleanser,1
2014,PRO�LINK�,Prestige� 2000 Lotion Skin Cleanser,1
2014,PRO�LINK�,Skin Cleanser,1
2014,Regis Design Line,Curl Lock Shampoo,1
2014,Regis Design Line,Intensity Conditioning Therapy,1
2014,Regis Design Line,Interrupt Texturizing Clay,1
2014,Reliable,Hair & Body Shampoo,2
2014,Reliable,Pink Lotion Soap,1
2014,Reliable,Premium Pink Lotion Soap with Moisturizers,1
2014,Reliable,White Lotion Soap,1
2014,Renown,Pink Hand Soap,1
2014,Renown,Pink Lotion Cleanser,1
2014,Renown,Pink Lotion Soap,1
2014,Renown,White Hand Soap,1
2014,Renown�,Body & Hair Shampoo,2
2014,SIGNATRY,Luxury Lotion Soap,1
2014,SIGNATRY,SPRING SHOWER BODY & HAIR SHAMPOO,1
2014,SOAP & GLORY,SOAP & GLORY MAKE YOURSELF YOUTHFUL REJUVENATING EYE CREAM,1
2014,Samy,Get Curls Curl Reactivator,1
2014,The Body Shop,01 Divide & Multioly Mascara Shade: Black,1
2014,The Body Shop,BRAZIL NUT SOAP,1
2014,The Body Shop,CHOCOMANIA SOAP,1
2014,The Body Shop,COCONUT SHOWER CREAM,1
2014,The Body Shop,COCONUT SOAP,1
2014,The Body Shop,CRANBERRY JOY HEART SOAP,1
2014,The Body Shop,GINGER SCALP CARE,2
2014,The Body Shop,GINGER SPARKLE HEART SOAP,1
2014,The Body Shop,Juice It Grapefruit & Mandarin Exfoliating Body Scrub,1
2014,The Body Shop,Moringa Soap,1
2014,The Body Shop,OLIVE SOAP,1
2014,The Body Shop,Shea Soap,1
2014,The Body Shop,VANILLA BLISS HEART SOAP,1
2014,The Body Shop,VITAMIN E COOL BB CREAM,1
2014,The Body Shop,VITAMIN E TINTED MOISTURE LOTION,1
2014,The Body Shop,Vitamin E Illuminating Moisture Cream,1
2014,Triple S,Lotion Cleanser with Moisturizers,1
2014,Triple S,Pearl Lotion Hand Soap,1
2014,Victoria's Secret Beauty,Victoria's Secret Lasting Touch Fragrance Cream Heavenly,1
2014,unisource,DermaCare Preview Premium Lotion Soap,1
2014,unisource,DermaCare Septophene E-2 Lotion Soap,1
2014,unisource,Dermacare Pink Lotion Soap,1
2015,Anastasia Beverly Hills,Tinted Brow Gel Auburn,1
2015,Beyond the Zone,Beyond the Zone Last Call Hair Masque,1
2015,Circa,Color Absolute Velvet Luxe Lipstick,1
2015,Circa,Color Focus Eye Shadow Single,1
2015,Circa,Studio Edit Full Coverage Concealer,1
2015,DHC,Q10 Moisture Care Powdery Foundation EX NO01,1
2015,DHC,Q10 Moisture Care Powdery Foundation EX NO02,1
2015,DHC ,Q10 Moisture Care Powdery Foundation EX NO00,1
2015,Disney,Pop of Minnie Mini Lipstick Set,1
2015,Disney,Tangled Web Eye Defining Gel Liner,1
2015,ELIE SAAB - LE PARFUM,SCENTED SHOWER CREAM,1
2015,Eucerin,Eucerin Q10 Anti-Wrinkle Sensitive Skin Creme,1
2015,GOJO,All Purpose Skin Cleanser,1
2015,GUERLAIN,THE LIP LINER - LASTING COLOUR - HIGH-PRECISION LIP LINER,1
2015,Hallmark Cards,Tattoo in Greeting Card - 399HKB3983 (Rock Star Guitar),1
2015,Hard Candy,Brow Now! Wand Duo,1
2015,Hourglass Cosmetics,1.5MM Mechanical Gel Eye Liner,1
2015,LBEL,D�FENSE 365 OIL-FREE DAILY PROTECTIVE FACIAL LOTION SPF 50,1
2015,Lush Handmade Cosmetics,Copperhead,1
2015,Lush Handmade Cosmetics,Intergalactic,1
2015,Morgan Taylor,Color Me Bold,1
2015,Morgan Taylor,On The Fringe,1
2015,Mustela,Hydra Stick with Cold Cream-Nutriprotective,1
2015,Nature's Gate,NG Advanced Care Oh What a Night Walnut Therapy for Overnight Renewal,1
2015,Palladio,Glam Intense Super Long Wear Gel Liner,1
2015,Palladio,Herbal Matte Lipsticks,2
2015,Palladio,Immortal Kajal,1
2015,Palladio,The Definer Contour & Highlight Duo Crayon,1
2015,RE9 Advanced for Men,Exfoliating Wash,3
2015,RITUALS,Brilliant Bliss,1
2015,RITUALS,Fortune Oil,1
2015,RITUALS,Hammam Hot Scrub,1
2015,RITUALS,Hammam Olive Secret,1
2015,RITUALS,Sakura Spring,1
2015,RITUALS,Shanti Shower,1
2015,RITUALS,Wai Wang,1
2015,SHISEIDO,SHISEIDO MEN TOTAL REVITALIZER,1
2016,APRIL BATH & SHOWER,FACIAL SCRUB,1
2016,ARITAUM,MONO EYES #104 [ITALIAN],1
2016,ARITAUM,MONO NO EYES 41 CASHMERE,1
2016,ARITAUM,STYLE POP BROW MASCARA #4,1
2016,Anastasia Beverly Hills,Brow Definer Caramel,1
2016,Anastasia Beverly Hills,Liquid Lips Trust Issues,1
2016,"Anastasia Beverly Hills	",Stick Foundation (XXXXX),1
2016,April Bath & Shower,Facial Mask,1
2016,Chrome Hearts,Nail Lacquer,3
2016,Fingerpaints,1 Step Gel Polish,1
2016,Gold Bond Ultimate Men's Essentials Body Powder,Gold Bond Ultimate Men's Essentials Body Powder,1
2016,Hard Candy,All Matte Up Hydrating Lip Stain,1
2016,Hourglass Cosmetics,Ambient Lighting Powder,1
2016,Hourglass Cosmetics,Arch Brow Sculpting Pencil,1
2016,Hourglass Cosmetics,Extreme Sheen High Shine Lip Gloss,2
2016,Hourglass Cosmetics,Hidden Corrective Concealer,1
2016,Hourglass Cosmetics,Immaculate Liquid Powder Foundation,2
2016,Hourglass Cosmetics,Oxygen Foundation Mineral Powder,1
2016,Hourglass Cosmetics,Superficial Lash Mascara,1
2016,Hourglass Cosmetics,Superficial Waterproof Bronzer,1
2016,Hourglass Cosmetics,Trace Eye Liner,1
2016,Hourglass Cosmetics,Trace Lip Liner,1
2016,Hourglass Cosmetics,Veil Fluid Make Up SPF 15,1
2016,Hourglass Cosmetics,Vol. 6 Eye Shadow Palette,1
2016,Hourglass Cosmetics,"Vol. 6 Eye Shadow Palette, Neo Classics",2
2016,KAT VON D,SERPENTINA EYESHADOW PALETTE,1
2016,LANEIGE,SERUM INTENSE LIPSTICK (LR08),1
2016,LVMH FRAGRANCE BRANDS,TEINT COUTURE BALM  - Blurring Foundation Balm - Bare Skin Perfector - Broad Spectrum SPF 15,2
2016,La Prairie,Anti-Aging Eye and Lip Perfection a Porter,2
2016,La Prairie,Anti-Aging Hydratint Sunscreen SPF 20,1
2016,La Prairie,Anti-Aging Longevity Serum,1
2016,La Prairie,Anti-Aging Neck Cream,1
2016,La Prairie,Cellular Lip Color Effects,1
2016,La Prairie,Cellular Treatment Illuminating Face Powder,1
2016,La Prairie,Skin Caviar Concealer Foundation SPF 15,2
2016,MARC JACOBS,LE MARC LIP CREME,1
2016,Milk,SPF Balm Tint,2
2016,New Directions Aromatics,Suspending Body Wash,1
2016,Nivea Men,Nivea Men Protective Lotion SPF 15,1
2016,No7,Moisture Drench Lipstick,2
2016,Olay,Olay Daily Exfoliating Body Wash,1
2016,PARFUMS GIVENCHY,MATISSIME VELVET � Radiant Mat Fluid Foundation with Sunscreen � Broad Spectrum SPF 20,2
2016,PCA SKIN,Intensive Clarity Treatment,2
2016,Pacific Garden�,"Pacific Garden� Foam Hand Sanitizer, DF, FF",1
2016,Tom's of Maine,True Mint Sensitive Anticavity Toothpaste,1
2017,Burt's Bees,Burt's Bees Matte Lip Crayon,1
2017,Charlotte Tilbury Beauty Ltd,Pocket Pout,2
2017,Collab,The Filter Highlighting Liquid,1
2017,FENTY BEAUTY,COSMIC GLOSS LIP GLITTER,1
2017,I Dew Care,Disco Kitten,2
2017,Innisfree,mineral makeup base 03,1
2017,Innisfree,powerproof pen liner 02,1
2017,Lush Manufacturing Ltd,FOMO,1
2017,Lush Manufacturing Ltd,Golden Egg,1
2017,Lush Manufacturing Ltd,Tooth Fairy Dust Powder,1
2017,MAVALA,MAVALA LIPSTICK,2
2017,MDSolarSciences,MDSolarSciences (TM) KidCreme Mineral Sunscreen SPF 40 2.5oz Broad Spectrum UVA UVB Sunscreen,1
2017,MILANI,MILANI STAY PUT MATTE 17HR WEAR LIQUID EYELINER,1
2017,Milani,Easybrow Tinted Fiber Gel,1
2017,Milk Makeup,Holiday Glitter Quad - Party UP,1
2017,Milk Makeup,Sunshine Skin Tint,1
2017,New Directions Aromatics,Body Wash,2
2017,Palladio,Rice Paper,1
2017,RITUALS,Carpe Diem,1
2017,RITUALS,Samurai Ice Shower,1
2017,Sulwhasoo ,Makeup Balancer No.1,1
2017,Swan,Advanced Healing Therapeutic Skin Care,1
2017,Tom's of Maine,Lip Gloss - Daybreak Pink,1
2017,Tom's of Maine,Lip Gloss - Meadow Rose,1
2017,Tom's of Maine,Lip Gloss - Summer Sand,1
2017,Tom's of Maine,Lip Shimmer - Autumn Glow,1
2017,Tom's of Maine,Lip Shimmer - Spring Blossom,1
2017,Tom's of Maine,Lip Shimmer - Whisper Pink,1
2017,enMotion�,"enMotion� Foam Hand Sanitizer with Moisturizers, FF",1
2018,Almay,Almay Holographics,2
2018,Almay,One Coat Multi-Benefit Mascara,2
2018,Bioelements,Sun Diffusing Protector,1
2018,COULEUR NATURE 3,EYESHADOW PALETTE,1
2018,Charlotte Tilbury,Light Wonder,1
2018,Charlotte Tilbury,Luxury Palette Of Pops Supersonic Girl,1
2018,Charlotte Tilbury ,Latex Love,1
2018,CloSYS,CloSYS Fluoride Free Toothpaste,1
2018,Forever,Relaxation Massage Lotion,1
2018,HUDA BEAUTY,HUDA BEAUTY EYESHADOW PALETTE,3
2018,Hard Candy,Glitteratzi Eyeshadow Duo,1
2018,Harmony,Bella's Vampire,1
2018,Harmony,High Bridge,1
2018,Innisfree,(My palette) my blusher 18,1
2018,Kaja,"Beauty Bento	Bouncy Shimmer Eyeshadow Trio 03 Toasted Caramel",1
2018,L.A. GIRL,GEL EYELINER,1
2018,L.A. GIRL,GEL LINER KIT,1
2018,L.A. GIRL,PRO CONTOUR POWDER,1
2018,L.A. GIRL,ULTIMATE AUTO EYELINER,1
2018,LANEIGE ,Mini Pore Waterclay Mask,1
2018,Le Mieux,Vita C Skin Protective Cream,1
2018,Lush Manufacturing Ltd,Melt My Heart,1
2018,Lush Manufacturing Ltd,Perle De Sel,1
2018,Mamonde,Mamonde Highlight Lip Tint Velvet No.8,1
2018,Milk Makeup,Holographic Stick,4
2018,Milk Makeup,Long wear Gel Eyeliner,1
2018,Nature's Gate,Professional System Heat Protect & Shine Spray,1
2018,Palladio,4Ever+Ever Make up Setting Dewy Finish Spray,1
2018,Que Bella,Pumpkin Seed Cream Scrub,1
2018,RITUALS,La Vie en Rose,1
2018,RITUALS,Miracle Foundation,1
2018,Revlon,COLORSTAY� EYE LINER,1
2018,SUN CHEMICAL,TITANIUM DIOXIDE,14
2018,Solimo,Aloe Cool Hypoallergenic Moisture Care Lotion for Hands & Body,1
2018,Solimo,Oil-free Absolutely Beaming Daily Moisturizer Broad Spectrum UVA/UVB SPF 15 Sunscreen,1
2018,Solimo,Pink Grapefruit Clarifying Body Wash Salicylic Acid Acne Treatment,1
2018,Solimo,Solimo Pink Grapefruit Clarifying Body Wash Salicylic Acid Acne Treatment,1
2018,The Body Shop,LIP & CHEEK STAIN,1
2018,Tom's of Maine,Soothing Mint Sensitive Anticavity Toothpaste,1
2018,Tom's of Maine,Wintermint Sensitive Toothpaste - Fluoride-Free,1
2018,Too Faced Cosmetics,Razzle Dazzle Berry,1
2018,Your Name Professional Brands,Baked Hydrating Powder Foundation,1
2018,Your Name Professional Brands,CORRECT AND BLUR FACE PRIMER,1
2018,Your Name Professional Brands,Pore Perfecting Face Primer,1
2018,Your Name Professional Brands,Pro Lip Primer,1
2018,Your Name Professional Brands,Retexturizing Face Primer BROAD SPECTRUM SPF 20,1
2018,Your Name Professional Brands,Vitamin C Lip Treatment,1
2018,ZOEVA,ARISTO (CENTRAL FIGURE),1
2018,ZOEVA,ARISTO (CHLOE),1
2018,ZOEVA,ARISTO (DEMETER),1
2018,ZOEVA,ARISTO (DESPOINA),1
2018,ZOEVA,BROW SPECTRUM EYEBROW POWDER PALETTE (BR090),1
2018,ZOEVA,COCOA BLEND (BITTER START),1
2018,ZOEVA,COCOA BLEND (Beans Are White),1
2018,ZOEVA,NUDE SPECTRUM (ND090),1
2018,ZOEVA,OPULENCE (IMPOSSIBLE TO MOVE),1
2018,ZOEVA,OPULENCE (UNDERNEATH THE GOLD),1
2018,ZOEVA,WINTER STROBE SPECTRUM (WI020),1
2019,Aqua-Onyx,Permanent Cosmetics Color,1
2019,Artistic,Colour Gloss Soak Off Gel Nail Colour - Resting Beach Face,1
2019,Artistic,Colour Revolution Reactive Nail Lacquer - Beam Me Up,1
2019,Bioelements,Barrier Fix Daily Hydrator,1
2019,Bioelements,Measured Micrograins +,1
2019,BoaVida ,Recovery Creme,1
2019,Bodyography SKIN,Microdermabrasion Scrub,1
2019,CND,Creative Play Nail Lacquer,1
2019,COLORSTAY,REVLON COLORSTAY BROW SHAPE & GLOW,1
2019,CREATIVE NAIL DESIGN,CND CREAT PLAY GEL POLISH COIN DROP,1
2019,Charlotte Tilbury,Airbrush Flawless Foundation,1
2019,Clairol ,Age Defy CC+ Colorseal,1
2019,Colgate Total,Colgate Total SF Whole Mouth Health Daily Repair Toothpaste,1
2019,Colorescience,Beauty On The Go Palette,1
2019,Dazzle Dry,Nail Lacquer,2
2019,Entity,Color Couture Soak Off Nail Gel - Step Into Satin,1
2019,Entity,No Light Gel-Lacquer - Beauty Icon,1
2019,GIVENCHY,"MATISSIME VELVET - Radiant Mat Powder Foundation, Absolute Matte Finish SPF 20",1
2019,GOKOS,1 BROW DUO,1
2019,Giovanni,Wicked Texture,1
2019,HOT TOPIC,COMPLETE SKELETON COSMETIC KIT - Face Powder,1
2019,I Dew Care,Matcha Mood,1
2019,IOPE,IOPE COLOR FIT LIPSTICK 31 COLOR AUTUMN,1
2019,KENZO,KENZOKI FACE / DAY OR NIGHT SERUM IN A MASK,1
2019,Lush Manufacturing Ltd.,Yog Nog Naked Body Conditioner,1
2019,MAVALA,MAVALA LIPSTICK,1
2019,MDSolarSciences,Mineral Tinted Sunscreen Stick SPF 30,1
2019,Milk,Highlighter,1
2019,Milk,Matt Bronzer,1
2019,Mr. Pumice,Fungus Treatment,1
2019,ORLY,Nail Lacquer,2
2019,Oribe,Silverati Conditioner,1
2019,PONY EFFECT,CONCEPTUAL EYES QUAD #BE ROMANTIC,1
2019,PONY EFFECT,LIMITLESS MASTER EYE PALETTE #CHAPTER 1,1
2019,PetLab Extractos,PetLab ExtractosTM - Conditioner for Dogs - ALOE VERA and AVOCADO OIL - 1 GAL (3.79 L),1
2019,PetLab Extractos,PetLab ExtractosTM - Neutral Shampoo - LAVENDER - 10 FL OZ (296 ml),1
2019,RITUALS,Miracle Concealer,1
2019,Red Carpet Manicure,LED Nail Gel Polish - Sultry Starlet,1
2019,Revlon,Revlon Color Burst Matte Lip Balm,1
2019,Revlon,Revlon Skinlights Bronzer,1
2019,Revlon,Revlon Ultra HD Matte Lip Color,1
2019,Revlon,Super Lustrous Matte Lipstick Wonder Woman II,1
2019,Revlon CS,Revlon Eyeshadow Stick,1
2019,SINFUL COLORS,FACE FORWARD ALL OVER FACE STICK - BLUSH,4
2019,Sally Hansen ,Diamond Strength Nail Color,1
2019,Sea Enzyme 4552-815 Ultra Umbrella,Sunscreen,1
2019,Sulwhasoo,Sulwhasoo Essential Lip Serum Stick No.6,1
2019,Tom's of Maine,Tom's of Maine Natural Activated Charcoal Whitening Peppermint Toothpaste,1
2019,Tom's of Maine,Tom's of Maine Natural Fluoride Free SLS free Activated Charcoal Whitening Peppermint Toothpaste,2
2019,Victoria's Secret Beauty,PINK Bath Bomb,1
2019,Yanbal,High Precision Long Lasting Eyeliner,1
2019,Your Name Professional Brands,Brow Shaper Kit,3
2019,ZO Skin Health,Offects Exfoliating Polish Professional Use,1
2019,ZO Skin Health ,Correct & Conceal Light,1
2019,tarte,big ego� sketch & set� brow pencil & tinted gel,1
2020,Careline,Self Heating Face Mask With Natural Activated Charcoal,1
2020,Cuore,K-Palette Essence in Eyebrow [03 Natural Brown],1
2020,DND,DC 33 Nail gel & polish,1
2020,Kaja,"Air Heart Lightweight, Natural-Finish Lipstick 02 Bbygirl",1
2020,Lush Manufacturing Ltd.,Limelight Toothy Tabs,1
2020,Lush Manufacturing Ltd.,Sunnyside Up Shower Jelly,1
2020,SEPHORA,SEPHORA - GOMMAGE LEVRES FRUIT DU DRAGON/DRAGON FRUIT LIP SCRUB,1
2020,SEPHORA,SEPHORA - MASQUES YEUX CAFEINE/ CAFFEINE EYE MASKS,1
2020,SEPHORA,SEPHORA - WILD WISHES - MAKEUP PALETTE,5
2020,Sulwhasoo,SULWHASOO ESSENTIAL LIP SERUM STICK NO.11,1
2020,Ultraceuticals,A-Zyme Peel,2
2020,Ultraceuticals,Ultra A Skin Perfecting Serum Mild,1
2103,Dr. Chen,Youth Emulsion,3
2103,Dr. Chen,Youth Masque,4
2103,Kandesn,Balancing Splash,1
2103,Kandesn,Cleansing Foam,1
2103,Kandesn,Concealer,1
2103,Kandesn,Creamy Powder,2
2103,Kandesn,Dual Pressed Powder,4
2103,Kandesn,Hand & Body Lotion,1
2103,Kandesn,LIp Gloss,2
2103,Kandesn,Lash Enhancer Mascara,2
2103,Kandesn,Lip Color Palette Set 1,1
2103,Kandesn,Lip Color Palette Set 2,1
2103,Kandesn,Lip Gloss Palette,1
2103,Kandesn,Liquid Eyeliner,3
2103,Kandesn,Moisturizing Lip Colors,3
2103,Oi-Lin,Cleansing Cream,1
2103,Oi-Lin,Deep Moisture Lotion SPF-25,2
2103,Oi-Lin,Deep Moisture Lotion Tinted SPF-25,1
2103,Oi-Lin,Exceptional Cream,1
2103,Oi-Lin,Lip Replenish Gel,2
2103,Oi-Lin,Natural Emulsion SPF 30,1
2103,Oi-Lin,Night Emulsion,1
2103,Oi-Lin,Rebuild Cream,1
2103,SunSmile,Herbal Toothpaste,1
2103,SunSmile,Tabs,1
2104,The Body Shop,Juice It Grapefruit & Mandarin Exfoliating Body Scrub,1
